slug,related1,related2,related3
best-ai-writing-tools-2026,best-ai-copywriting-tools,best-ai-tools-blog-writing,best-ai-tools-seo-content
best-ai-copywriting-tools,best-ai-tools-blog-writing,best-ai-tools-seo-content,best-ai-tools-social-media-captions
best-ai-tools-blog-writing,best-ai-tools-seo-content,best-ai-tools-social-media-captions,best-ai-tools-email-copy
best-ai-tools-seo-content,best-ai-tools-social-media-captions,best-ai-tools-email-copy,best-ai-paraphrasing-tools
best-ai-tools-social-media-captions,best-ai-tools-email-copy,best-ai-paraphrasing-tools,best-ai-grammar-checkers
best-ai-tools-email-copy,best-ai-paraphrasing-tools,best-ai-grammar-checkers,best-ai-summarizer-tools
best-ai-paraphrasing-tools,best-ai-grammar-checkers,best-ai-summarizer-tools,best-ai-research-assistants-writers
best-ai-grammar-checkers,best-ai-summarizer-tools,best-ai-research-assistants-writers,jasper-vs-copy-ai
best-ai-summarizer-tools,best-ai-research-assistants-writers,jasper-vs-copy-ai,writesonic-vs-rytr
best-ai-research-assistants-writers,jasper-vs-copy-ai,writesonic-vs-rytr,grammarly-vs-prowritingaid
jasper-vs-copy-ai,writesonic-vs-rytr,grammarly-vs-prowritingaid,surfer-vs-frase
writesonic-vs-rytr,grammarly-vs-prowritingaid,surfer-vs-frase,chatgpt-vs-claude-writing
grammarly-vs-prowritingaid,surfer-vs-frase,chatgpt-vs-claude-writing,best-jasper-alternatives
surfer-vs-frase,chatgpt-vs-claude-writing,best-jasper-alternatives,best-copy-ai-alternatives
chatgpt-vs-claude-writing,best-jasper-alternatives,best-copy-ai-alternatives,best-rytr-alternatives
best-jasper-alternatives,best-copy-ai-alternatives,best-rytr-alternatives,best-grammarly-alternatives
best-copy-ai-alternatives,best-rytr-alternatives,best-grammarly-alternatives,best-notion-ai-alternatives
best-rytr-alternatives,best-grammarly-alternatives,best-notion-ai-alternatives,jasper-review
best-grammarly-alternatives,best-notion-ai-alternatives,jasper-review,copy-ai-review
best-notion-ai-alternatives,jasper-review,copy-ai-review,writesonic-review
jasper-review,copy-ai-review,writesonic-review,rytr-review
copy-ai-review,writesonic-review,rytr-review,grammarly-review
writesonic-review,rytr-review,grammarly-review,surfer-seo-review
rytr-review,grammarly-review,surfer-seo-review,frase-review
grammarly-review,surfer-seo-review,frase-review,notion-ai-review
surfer-seo-review,frase-review,notion-ai-review,how-to-choose-ai-writing-tool
frase-review,notion-ai-review,how-to-choose-ai-writing-tool,ai-writing-tools-faq
notion-ai-review,how-to-choose-ai-writing-tool,ai-writing-tools-faq,best-ai-writing-tools-2026
how-to-choose-ai-writing-tool,ai-writing-tools-faq,best-ai-writing-tools-2026,best-ai-copywriting-tools
ai-writing-tools-faq,best-ai-writing-tools-2026,best-ai-copywriting-tools,best-ai-tools-blog-writing
